countryID,name,surname,passport,domain,email,phone_number,born_date,sex,salary,index,years_working,grade
35,Carline,Leipold,345-90-2836,cloudflare.com,carline.leipold@cloudflare.com,+54 472 569 2212,1991-10-14,F,2546,0.95,13,5.31
16,Steffi,Fosten,552-57-9643,hhs.gov,steffi.fosten@hhs.gov,+86 898 402 8414,2004-09-09,F,18002,0.82,1,2.68
204,Marylynne,Mathissen,319-51-7658,qq.com,marylynne.mathissen@qq.com,+880 689 426 6245,1957-04-01,F,26542,0.85,41,2.49
164,Deidre,Eadmead,181-64-2433,mtv.com,deidre.eadmead@mtv.com,+7 727 662 9354,1948-11-04,F,24569,0.49,28,7.07
128,Ethe,Retallick,455-82-1116,purevolume.com,ethe.retallick@purevolume.com,+47 655 647 6155,1978-03-18,M,19622,0.02,1,3.51
173,Meredith,Masterson,426-03-1912,printfriendly.com,meredith.masterson@printfriendly.com,+86 523 749 3769,1952-02-29,F,25571,0.12,6,7.9
263,Mal,Quinet,156-55-6669,devhub.com,mal.quinet@devhub.com,+62 659 334 1837,1979-05-22,M,5146,0.02,1,4.57
262,Nani,Curtin,632-59-7288,nps.gov,nani.curtin@nps.gov,+63 109 765 7445,1958-04-16,F,28629,0.1,5,0.78
88,Morten,Suter,430-17-0151,skyrock.com,morten.suter@skyrock.com,+1 405 189 4801,1988-12-13,M,13866,0.34,6,8.91
117,Elna,Oxtarby,534-21-6540,oakley.com,elna.oxtarby@oakley.com,+62 367 681 2424,2004-12-30,F,40887,0.09,0,0.13
244,Page,Stranger,500-78-7741,oakley.com,page.stranger@oakley.com,+374 144 524 1836,1959-06-02,F,32463,0.56,26,8.51
258,Lorraine,Senussi,867-34-5470,dion.ne.jp,lorraine.senussi@dion.ne.jp,+92 902 575 4833,1992-08-09,F,42767,0.26,3,5.03
159,Randy,O'Hallagan,108-68-4027,skype.com,randy.o'hallagan@skype.com,+62 501 293 6244,1964-12-24,F,36014,0.3,12,1.47
22,Inge,Tackett,739-18-4475,uiuc.edu,inge.tackett@uiuc.edu,+55 897 297 5153,1966-05-12,F,26380,0.61,24,1.61
151,Agna,Hunton,587-13-8914,mit.edu,agna.hunton@mit.edu,+242 615 536 0575,1981-07-15,F,20946,0.13,3,2.2
18,Forrester,Habercham,261-23-1168,constantcontact.com,forrester.habercham@constantcontact.com,+976 616 194 2400,1954-06-06,M,47133,0.96,49,4.2
9,Ross,Pipe,561-80-3724,globo.com,ross.pipe@globo.com,+62 325 158 6115,1959-11-03,M,38189,0.95,44,7.23
147,Rakel,Pencost,722-37-0654,cloudflare.com,rakel.pencost@cloudflare.com,+250 190 138 4595,1994-09-05,F,17213,0.27,3,6.33
206,Griffy,Koppelmann,238-70-4369,merriam-webster.com,griffy.koppelmann@merriam-webster.com,+62 671 592 3439,1948-07-13,M,28545,0.84,48,1.78
249,Sonya,Rivallant,489-94-8034,admin.ch,sonya.rivallant@admin.ch,+242 597 343 1653,1950-09-20,F,6644,0.22,12,0.35
80,Adolpho,Bracer,450-72-6283,boston.com,adolpho.bracer@boston.com,+86 311 651 6590,2002-08-17,M,22015,0.13,0,7.06
67,Tedi,Anthoine,833-07-8439,discovery.com,tedi.anthoine@discovery.com,+86 388 885 0990,1975-05-03,F,19265,0.35,11,9.86
50,Oran,Simmance,761-67-1582,state.gov,oran.simmance@state.gov,+46 662 414 0965,1999-04-13,M,46495,0.05,0,8.4
181,Pamella,Cutill,168-64-4781,google.com,pamella.cutill@google.com,+36 405 311 1309,1995-10-06,F,45891,0.93,9,2.45
26,Jewelle,Kleinhausen,375-17-5126,barnesandnoble.com,jewelle.kleinhausen@barnesandnoble.com,+507 904 681 0310,2000-09-03,F,24934,0.84,4,7.14
222,Collete,MacLachlan,464-55-1170,princeton.edu,collete.maclachlan@princeton.edu,+48 139 451 4056,1998-10-06,F,46219,0.09,1,2.05
161,Noll,Jerg,175-06-5498,purevolume.com,noll.jerg@purevolume.com,+62 819 932 7510,1952-06-15,M,32833,0.78,41,1.04
81,Stanton,Kubatsch,309-89-7957,newyorker.com,stanton.kubatsch@newyorker.com,+86 978 587 2915,1966-11-06,M,41191,0.66,26,6.87
256,Corene,Bartlomieczak,823-81-0301,discovery.com,corene.bartlomieczak@discovery.com,+48 974 890 6583,1946-02-19,F,42500,0.25,15,2.94
122,Meridith,Buncom,626-74-0969,edublogs.org,meridith.buncom@edublogs.org,+53 233 219 4486,1989-10-04,F,42347,0.36,6,5.87
14,Madelyn,Middis,369-85-6466,globo.com,madelyn.middis@globo.com,+66 904 587 6620,1990-10-05,F,41386,0.89,13,6.9
34,Fonsie,Grimbaldeston,668-04-9146,fotki.com,fonsie.grimbaldeston@fotki.com,+46 974 772 3131,1980-07-03,M,1398,0.0,0,1.7
144,Edwin,Romanetti,195-34-3190,google.com.br,edwin.romanetti@google.com.br,+62 192 756 1922,1945-08-20,M,27460,0.87,52,3.99
171,Patty,Pestridge,726-02-7851,java.com,patty.pestridge@java.com,+63 674 853 2635,1960-04-03,M,45820,0.79,36,0.35
248,Winthrop,Timby,121-56-3653,cnn.com,winthrop.timby@cnn.com,+998 541 616 3433,1990-12-17,M,24941,0.39,6,3.79
224,Amalle,Wilcher,862-23-8755,wikipedia.org,amalle.wilcher@wikipedia.org,+62 242 218 1445,1950-07-07,F,10612,0.34,19,0.05
136,Wandie,Renshaw,400-79-0818,omniture.com,wandie.renshaw@omniture.com,+55 979 115 7990,1951-02-07,F,11484,0.19,10,7.34
157,Bendix,Essery,405-14-4860,imdb.com,bendix.essery@imdb.com,+1 504 103 2870,1997-12-01,M,48937,0.64,5,9.79
79,Alden,Willingham,495-42-6919,nationalgeographic.com,alden.willingham@nationalgeographic.com,+507 628 965 1426,1947-07-14,M,28954,0.42,24,2.92
145,Robbi,Boggas,811-03-8288,flavors.me,robbi.boggas@flavors.me,+48 952 495 0368,1972-05-07,F,20485,0.24,8,9.57
238,Germayne,Brosio,857-17-7503,51.la,germayne.brosio@51.la,+212 712 564 3255,1966-06-22,M,12618,0.03,1,0.51
131,Dudley,Cosstick,662-59-7499,who.int,dudley.cosstick@who.int,+389 665 909 0659,1969-07-08,M,30445,0.46,17,4.48
71,Harrie,Hannay,406-38-2879,yelp.com,harrie.hannay@yelp.com,+47 524 319 8672,1978-02-03,F,21421,0.53,14,1.98
59,Effie,Jacobbe,648-84-4299,google.ca,effie.jacobbe@google.ca,+351 108 716 8899,1999-07-05,F,6054,0.76,5,3.2
55,Constantin,Liebermann,215-41-7321,phpbb.com,constantin.liebermann@phpbb.com,+976 458 622 1352,1967-07-12,M,7837,0.64,24,5.67
143,Alva,Sherreard,199-71-2063,sciencedirect.com,alva.sherreard@sciencedirect.com,+375 829 374 9449,1989-04-10,M,5652,0.8,13,2.47
191,Loria,Wincer,545-10-0351,chronoengine.com,loria.wincer@chronoengine.com,+358 208 754 1014,1994-10-21,F,15152,0.08,1,0.07
84,Terri,Harmstone,148-43-5954,acquirethisname.com,terri.harmstone@acquirethisname.com,+30 311 582 0492,1975-06-21,F,22019,0.31,9,1.18
255,Ruddie,Zanneli,271-28-9778,ehow.com,ruddie.zanneli@ehow.com,+33 164 708 9197,1948-06-13,M,21766,0.27,15,8.12
170,Ciel,Poultney,398-24-6547,mozilla.org,ciel.poultney@mozilla.org,+54 585 147 3993,2002-09-29,F,31749,0.54,2,5.78
41,Emilee,Goodboddy,284-14-0582,mac.com,emilee.goodboddy@mac.com,+63 445 484 4653,2004-02-07,F,48042,0.85,1,6.59
48,Mufi,Aspy,534-74-7288,unc.edu,mufi.aspy@unc.edu,+63 332 100 9654,1955-08-10,F,5039,0.35,18,4.89
227,Cornell,Venus,530-19-7822,google.com.br,cornell.venus@google.com.br,+33 728 388 9725,1974-10-04,M,34798,0.21,7,3.97
87,Zacharias,Barnish,200-39-7468,cnet.com,zacharias.barnish@cnet.com,+63 324 439 3701,1986-01-17,M,3457,0.19,4,1.9
108,Selby,Clendening,401-03-9256,netvibes.com,selby.clendening@netvibes.com,+55 912 165 5744,1956-07-07,M,23761,0.64,31,8.32
222,Chas,Cholomin,795-31-2100,springer.com,chas.cholomin@springer.com,+62 938 241 8741,1977-04-02,M,2142,0.37,10,9.56
266,Eustace,Ibbitson,755-91-4075,hexun.com,eustace.ibbitson@hexun.com,+57 258 900 2831,1952-01-27,M,24636,0.57,30,1.3
4,Sayre,Mounfield,716-90-8890,gnu.org,sayre.mounfield@gnu.org,+420 662 626 8450,1955-04-21,F,36558,0.98,49,4.58
59,Eberto,Venditti,876-73-7144,surveymonkey.com,eberto.venditti@surveymonkey.com,+33 756 693 2060,1956-07-28,M,16012,0.29,14,5.42
180,Roseann,Gelsthorpe,249-96-6882,blogtalkradio.com,roseann.gelsthorpe@blogtalkradio.com,+39 343 709 2666,2003-04-08,F,26391,0.68,1,0.68
188,Annabella,Giacomazzo,369-45-1207,harvard.edu,annabella.giacomazzo@harvard.edu,+48 171 885 4458,1960-05-26,F,49313,0.04,2,2.6
252,Marcie,Skirlin,612-93-6842,furl.net,marcie.skirlin@furl.net,+62 858 368 6081,1946-12-26,F,13636,0.73,43,2.19
159,Susanna,Tomowicz,255-68-8685,furl.net,susanna.tomowicz@furl.net,+380 532 774 2832,1952-09-26,F,13544,0.4,21,6.73
20,Eldridge,Antat,401-46-9916,trellian.com,eldridge.antat@trellian.com,+374 414 266 2595,1953-01-13,M,32815,0.36,19,8.52
76,Stefan,Mate,854-53-7975,1und1.de,stefan.mate@1und1.de,+62 148 808 8535,1998-04-13,M,40991,0.58,4,3.17
146,Jonathon,Simo,708-41-3965,google.com.br,jonathon.simo@google.com.br,+351 209 991 0678,1964-09-24,M,14107,0.44,18,7.99
97,Gaspar,Bridle,719-24-9926,google.it,gaspar.bridle@google.it,+996 924 307 6509,1991-11-01,M,32112,0.21,3,6.25
58,Jessamyn,Bygott,401-79-5389,aol.com,jessamyn.bygott@aol.com,+62 904 959 9615,1986-05-19,F,31517,0.45,9,3.79
190,Editha,Brandli,885-31-2534,dot.gov,editha.brandli@dot.gov,+506 711 709 3097,1988-02-06,F,14062,0.22,4,9.2
153,Elora,Westley,402-71-6461,nhs.uk,elora.westley@nhs.uk,+54 201 937 0761,1958-12-20,F,44496,0.17,8,8.07
240,Beckie,Villiers,896-05-9349,ebay.co.uk,beckie.villiers@ebay.co.uk,+62 546 210 5102,1982-10-26,F,46559,0.43,10,2.49
75,Lita,Mossdale,563-70-6880,nps.gov,lita.mossdale@nps.gov,+54 879 567 5711,1998-07-16,F,18876,0.32,2,1.03
139,Lanni,Mc Carrick,529-80-1478,lulu.com,lanni.mc carrick@lulu.com,+385 194 333 5636,2002-06-18,F,9028,0.31,1,5.28
51,Ag,Latliff,555-90-8217,hp.com,ag.latliff@hp.com,+86 503 607 5321,1985-12-02,F,8275,0.3,6,1.58
27,Tadeo,Cammish,214-47-0223,desdev.cn,tadeo.cammish@desdev.cn,+995 896 573 4578,1986-07-14,M,37536,0.96,18,9.16
73,Pearl,Bordis,581-42-6626,1und1.de,pearl.bordis@1und1.de,+54 205 183 0750,1957-10-08,F,45149,0.97,47,0.96
170,Viki,Disdel,616-66-4587,godaddy.com,viki.disdel@godaddy.com,+63 354 858 3624,1979-01-04,F,36273,0.61,16,5.29
26,Paten,Bowkett,413-92-5548,hatena.ne.jp,paten.bowkett@hatena.ne.jp,+62 292 624 2080,1982-11-02,M,4601,0.82,19,1.66
111,Bentley,Garbar,508-56-8780,cnet.com,bentley.garbar@cnet.com,+51 917 933 2953,1996-05-06,M,37600,0.22,2,8.4
163,Wilek,Golbourn,809-17-7570,sohu.com,wilek.golbourn@sohu.com,+86 328 481 6195,1999-08-18,M,43220,0.37,2,1.58
200,Sheeree,Lister,454-73-1310,google.pl,sheeree.lister@google.pl,+503 191 881 6102,1990-12-11,F,34533,0.71,11,8.97
149,Adolphus,Paty,327-17-4766,reverbnation.com,adolphus.paty@reverbnation.com,+63 344 761 9822,1948-12-10,M,42713,0.94,54,7.74
224,Yolande,Durban,275-90-2606,constantcontact.com,yolande.durban@constantcontact.com,+62 636 869 8992,1984-11-09,F,3870,0.66,14,8.35
76,Duncan,Ruddock,214-01-8566,amazon.de,duncan.ruddock@amazon.de,+46 275 721 7209,1966-12-10,M,19324,0.6,23,8.52
75,Clerissa,Van Cassel,431-18-1210,squidoo.com,clerissa.van cassel@squidoo.com,+62 228 307 5018,1968-12-19,F,9223,0.71,26,6.76
182,Adelheid,Ilbert,619-45-1604,storify.com,adelheid.ilbert@storify.com,+299 275 708 9118,1978-05-24,F,4074,0.43,12,9.06
41,Sterling,Bruneton,533-68-2594,github.com,sterling.bruneton@github.com,+420 872 115 2010,1976-11-25,M,28383,0.93,27,6.72
260,Amii,Melross,646-13-7122,lycos.com,amii.melross@lycos.com,+254 896 443 6898,1971-03-26,F,9664,0.88,30,7.79
161,Johan,Collingham,808-08-1571,yandex.ru,johan.collingham@yandex.ru,+7 800 251 5270,2004-02-28,M,17568,0.31,0,0.16
169,Mendy,Whatford,617-93-2946,google.com.au,mendy.whatford@google.com.au,+93 554 861 3708,1971-02-04,M,23365,0.89,30,6.11
52,Yetty,Deaconson,617-49-3638,answers.com,yetty.deaconson@answers.com,+62 272 780 7222,1962-10-02,F,45254,0.76,33,3.82
211,Micki,Elt,540-98-3397,rakuten.co.jp,micki.elt@rakuten.co.jp,+62 420 687 5961,1983-03-06,F,18415,0.32,7,0.76
161,Beale,Swait,172-89-1964,mtv.com,beale.swait@mtv.com,+1 753 371 6821,1974-10-03,M,42489,0.68,21,2.92
95,Zane,Zanetello,316-07-3047,cbc.ca,zane.zanetello@cbc.ca,+86 103 631 6316,1961-07-03,M,39286,0.96,42,8.93
97,August,Varnes,170-92-9054,mail.ru,august.varnes@mail.ru,+86 401 927 2544,1986-07-29,M,30469,0.91,17,2.76
124,Fayth,Danbury,817-31-5978,sun.com,fayth.danbury@sun.com,+62 787 110 9616,1962-10-01,F,38151,0.25,11,2.5
144,Dynah,Edscer,259-85-5319,pinterest.com,dynah.edscer@pinterest.com,+7 635 769 6933,1995-05-30,F,33597,0.05,1,9.86
49,Abeu,Roote,526-48-7135,sogou.com,abeu.roote@sogou.com,+62 576 225 1738,1981-09-11,M,2871,0.95,23,8.35
215,Jim,Hadgraft,539-02-0846,about.me,jim.hadgraft@about.me,+86 631 956 7416,1950-09-05,M,28330,0.94,52,3.38
192,Fonz,Tillot,130-73-0866,ucoz.com,fonz.tillot@ucoz.com,+92 906 656 4088,1970-12-28,M,30278,0.34,12,7.34
264,Nichols,Sibyllina,418-17-4762,baidu.com,nichols.sibyllina@baidu.com,+86 288 963 5842,1996-03-29,M,26413,0.32,3,5.05
174,Bride,Schutze,846-06-7228,salon.com,bride.schutze@salon.com,+380 793 975 2126,1998-09-12,F,6971,0.43,3,5.43
103,Rayner,Tuberfield,794-78-3402,webs.com,rayner.tuberfield@webs.com,+62 704 255 1507,1982-12-17,M,35879,0.16,4,6.26
93,Flint,Rampage,166-79-0627,ibm.com,flint.rampage@ibm.com,+46 806 196 5180,1949-07-15,M,33273,0.46,26,8.56
128,Silvan,Sapsford,651-02-2308,1688.com,silvan.sapsford@1688.com,+48 857 480 9647,1985-06-19,M,17605,0.36,7,8.51
221,Humberto,Finch,679-21-8924,phoca.cz,humberto.finch@phoca.cz,+62 882 500 6108,1945-11-14,M,7502,0.05,3,9.6
34,Nappie,Sandars,121-80-6481,clickbank.net,nappie.sandars@clickbank.net,+994 236 419 3112,1954-12-15,M,12215,0.66,34,6.67
146,Marijo,Donn,331-35-0413,sogou.com,marijo.donn@sogou.com,+7 747 207 8318,1971-05-24,F,6234,0.43,15,7.81
227,Welbie,Berkeley,538-73-6232,mit.edu,welbie.berkeley@mit.edu,+86 584 165 2570,1991-10-11,M,15656,1.0,14,5.04
252,Curr,Stefanovic,755-73-2754,merriam-webster.com,curr.stefanovic@merriam-webster.com,+380 326 286 6425,1986-09-19,M,25119,0.9,17,7.59
42,Muriel,Winslow,468-39-1242,stanford.edu,muriel.winslow@stanford.edu,+7 826 214 0294,1946-09-10,F,23601,0.4,24,8.54
28,Bennie,Cawse,235-46-1976,shutterfly.com,bennie.cawse@shutterfly.com,+1 661 643 2015,2003-05-11,F,23211,0.06,0,5.39
177,Perl,Blackler,154-23-8120,redcross.org,perl.blackler@redcross.org,+33 945 137 9680,1963-03-20,F,4396,0.16,7,6.36
202,Celinda,Wycliff,594-06-8528,ca.gov,celinda.wycliff@ca.gov,+48 210 286 7097,1980-04-02,F,7318,0.73,18,8.97
231,Kameko,Schulze,151-85-6213,senate.gov,kameko.schulze@senate.gov,+51 181 890 5753,1976-02-12,F,16590,0.85,25,8.65
2,Rina,McDaid,300-87-5103,bloomberg.com,rina.mcdaid@bloomberg.com,+62 374 169 1934,2002-04-11,F,9641,0.73,2,5.34
137,Georg,Martinet,490-27-7581,naver.com,georg.martinet@naver.com,+86 774 592 9106,1964-02-23,M,31263,0.19,8,6.68
110,Terrijo,Benzing,555-58-7301,wisc.edu,terrijo.benzing@wisc.edu,+62 542 485 0544,1974-09-25,F,37528,0.03,1,5.24
7,Shadow,Powell,679-79-0283,aboutads.info,shadow.powell@aboutads.info,+1 895 796 1861,1976-09-22,M,17328,0.46,13,5.98
205,Maddy,Leeson,245-04-0699,un.org,maddy.leeson@un.org,+351 388 268 8192,1975-06-10,M,4981,0.3,9,8.28
252,Adrea,Coldtart,466-75-0831,lycos.com,adrea.coldtart@lycos.com,+353 958 887 9980,1965-10-24,F,34406,0.45,18,8.14
251,Agneta,Kelberman,751-35-2139,goo.gl,agneta.kelberman@goo.gl,+55 491 560 5457,1995-04-10,F,13693,0.37,4,7.16
157,Dorine,Ennew,596-48-4830,nps.gov,dorine.ennew@nps.gov,+86 272 130 2155,1986-05-28,F,43289,0.14,3,5.38
183,Farr,Duff,836-44-1008,zdnet.com,farr.duff@zdnet.com,+263 446 852 7166,1981-08-08,M,9683,0.97,23,9.72
46,Omero,O'Calleran,622-65-8890,simplemachines.org,omero.o'calleran@simplemachines.org,+351 725 915 4099,1964-03-02,M,7484,0.37,15,5.5
196,Bryn,Denidge,845-32-5121,mediafire.com,bryn.denidge@mediafire.com,+7 392 264 9555,1958-10-04,M,1352,0.15,7,8.56
252,Andy,Fipp,294-17-9991,booking.com,andy.fipp@booking.com,+54 648 662 6958,1976-12-01,M,47129,0.99,29,5.19
243,Lorant,Bumphries,348-39-4101,quantcast.com,lorant.bumphries@quantcast.com,+86 673 345 9225,1982-10-27,M,9685,0.55,13,7.99
22,Chrissie,Flieger,285-93-0493,ebay.com,chrissie.flieger@ebay.com,+62 151 225 6397,1973-08-22,M,19555,0.16,5,9.26
233,Norene,Poe,519-41-2660,mtv.com,norene.poe@mtv.com,+57 427 730 1484,1967-07-17,F,46941,0.39,15,7.71
112,Lidia,Jeffery,631-37-8332,google.es,lidia.jeffery@google.es,+258 572 995 0634,1949-01-04,F,8698,0.41,23,8.47
56,Sigrid,Dunford,841-54-9768,g.co,sigrid.dunford@g.co,+880 400 911 0419,1995-05-19,F,38666,0.0,0,9.81
50,Parsifal,Colly,375-80-4673,icio.us,parsifal.colly@icio.us,+7 310 356 1117,1971-06-17,M,31672,0.67,23,5.92
254,Dayna,Brimblecombe,271-26-3497,wunderground.com,dayna.brimblecombe@wunderground.com,+63 809 276 4274,2003-03-29,F,25717,0.63,1,6.78
61,Thurstan,Gerrett,680-53-3115,paginegialle.it,thurstan.gerrett@paginegialle.it,+86 653 594 2839,1973-12-29,M,14615,0.33,11,7.22
61,Ursula,Hackin,885-63-7180,facebook.com,ursula.hackin@facebook.com,+7 181 853 8437,1994-05-01,F,27126,0.29,3,9.36
85,Korie,Elliston,259-29-0084,theatlantic.com,korie.elliston@theatlantic.com,+351 165 642 1885,1961-05-23,F,2380,0.53,23,8.05
204,Jethro,Overil,728-29-3854,drupal.org,jethro.overil@drupal.org,+7 226 719 1271,1949-11-13,M,27800,0.44,25,9.98
199,Jemmy,Chicken,803-30-9419,soundcloud.com,jemmy.chicken@soundcloud.com,+7 398 138 5373,1966-04-29,F,9337,0.88,34,9.21
210,Hoebart,Mabon,164-56-5263,yahoo.co.jp,hoebart.mabon@yahoo.co.jp,+221 936 724 1602,1948-06-07,M,4784,0.02,1,5.48
219,Morse,Kiera,539-27-5655,hostgator.com,morse.kiera@hostgator.com,+992 938 947 0007,2003-04-17,M,18959,0.42,1,5.69
166,Brinn,Charte,673-60-4667,whitehouse.gov,brinn.charte@whitehouse.gov,+86 218 328 6110,1991-12-18,F,27061,0.83,12,8.5
114,Erick,Schettini,716-87-7410,vimeo.com,erick.schettini@vimeo.com,+977 855 101 7536,1996-12-08,M,15461,0.99,9,9.61
1,Filip,Adair,828-77-9701,xrea.com,filip.adair@xrea.com,+385 323 688 6562,1961-06-11,M,8407,0.51,22,9.99
184,Rodrigo,Berthelmot,814-94-3678,virginia.edu,rodrigo.berthelmot@virginia.edu,+86 578 657 3624,1977-08-01,M,32297,0.2,6,9.68
73,Nate,Bowker,227-97-4577,smh.com.au,nate.bowker@smh.com.au,+967 992 198 9676,1952-06-08,M,27249,0.89,47,6.39
149,Roxanne,Harlin,673-15-4845,slashdot.org,roxanne.harlin@slashdot.org,+1 781 456 9965,1948-01-27,F,25608,0.2,11,9.83
261,Gregoire,Yurevich,144-86-3755,weebly.com,gregoire.yurevich@weebly.com,+86 763 469 5447,1965-05-31,M,40777,0.08,3,7.0
180,Clerkclaude,Drillot,536-61-6209,examiner.com,clerkclaude.drillot@examiner.com,+20 583 489 4538,1949-12-26,M,32953,0.06,3,8.54
44,Moshe,Etuck,286-65-4972,unblog.fr,moshe.etuck@unblog.fr,+1 146 535 8355,1954-11-10,M,49453,0.77,39,6.5
263,Brew,Attoe,305-27-8331,blinklist.com,brew.attoe@blinklist.com,+7 994 810 2525,1965-04-03,M,9982,0.35,14,8.13
87,Adan,Cantero,251-35-0757,sourceforge.net,adan.cantero@sourceforge.net,+63 428 931 9805,1993-07-21,F,22315,0.05,1,5.1
181,Lianne,Aiton,725-38-5458,youtube.com,lianne.aiton@youtube.com,+41 941 696 9321,1978-12-23,F,35186,0.29,8,8.44
250,Rachel,Eason,829-58-1422,unc.edu,rachel.eason@unc.edu,+86 559 383 3888,1946-09-21,F,32643,0.98,58,7.47
121,Sigismond,Harder,804-16-5719,google.ru,sigismond.harder@google.ru,+7 198 130 7317,1950-10-11,M,25851,0.35,19,6.92
107,Kenton,Morit,380-45-7382,seesaa.net,kenton.morit@seesaa.net,+86 666 390 6877,1975-06-17,M,19233,0.33,10,7.74
34,Cassaundra,Albasiny,282-86-1808,wsj.com,cassaundra.albasiny@wsj.com,+86 280 637 6150,1946-10-17,F,43013,0.8,47,6.89
95,Gorden,Irvine,139-48-6279,mayoclinic.com,gorden.irvine@mayoclinic.com,+7 894 197 6547,1972-02-02,M,11929,0.13,4,9.3
119,Jeromy,Terrington,435-11-7280,dion.ne.jp,jeromy.terrington@dion.ne.jp,+86 302 502 1079,1988-01-11,M,5477,0.78,13,9.36
100,Josefina,Ruckman,354-85-9622,loc.gov,josefina.ruckman@loc.gov,+62 649 139 5860,1968-04-01,F,48538,0.74,27,9.08
247,Aksel,Zamorano,793-27-5035,webeden.co.uk,aksel.zamorano@webeden.co.uk,+62 814 932 7909,1975-06-11,M,14311,0.8,24,8.73
232,Aaron,Grief,576-42-3850,zimbio.com,aaron.grief@zimbio.com,+86 799 832 1327,1988-12-01,M,37837,0.96,16,6.29
128,Adara,Kilford,571-29-5646,examiner.com,adara.kilford@examiner.com,+685 626 949 5442,1981-01-29,F,9118,0.83,20,8.36
166,Tabbie,Franca,476-71-8646,tuttocitta.it,tabbie.franca@tuttocitta.it,+57 350 402 2011,1957-10-08,M,29604,0.3,14,8.35
164,Nat,Rein,457-80-8769,barnesandnoble.com,nat.rein@barnesandnoble.com,+86 266 742 2769,1994-07-28,F,24036,0.61,7,6.16
233,Stepha,Willmore,434-73-0435,howstuffworks.com,stepha.willmore@howstuffworks.com,+62 544 280 5562,1963-08-24,F,29209,0.91,38,5.52
205,Alejoa,Nappin,733-46-3760,thetimes.co.uk,alejoa.nappin@thetimes.co.uk,+86 754 910 8587,1996-02-07,M,39188,0.14,1,6.39
94,Celinda,Bruckman,238-67-4014,rakuten.co.jp,celinda.bruckman@rakuten.co.jp,+86 817 413 9047,1986-03-18,F,43259,0.71,13,8.26
6,Selena,Woodroof,138-91-9077,cmu.edu,selena.woodroof@cmu.edu,+380 118 668 8119,1981-09-03,F,13821,0.22,5,9.7
34,Davidde,Levi,833-88-5271,hostgator.com,davidde.levi@hostgator.com,+1 834 115 6360,1965-10-06,M,39519,0.67,27,6.85
55,Matthew,Ovey,663-43-1292,php.net,matthew.ovey@php.net,+93 910 310 0983,1964-09-05,M,6124,0.89,36,5.23
248,Kimball,Kolin,315-07-8303,wikimedia.org,kimball.kolin@wikimedia.org,+359 504 598 5120,1959-05-27,M,34464,0.38,17,8.66
48,Garreth,Girault,696-76-5661,telegraph.co.uk,garreth.girault@telegraph.co.uk,+351 383 931 9705,1996-12-14,M,22453,0.75,7,8.18
155,Redford,Crafts,474-02-3530,reverbnation.com,redford.crafts@reverbnation.com,+62 365 530 8006,1991-01-28,M,28055,0.07,1,8.13
43,Bruno,Pannett,758-67-2368,dailymotion.com,bruno.pannett@dailymotion.com,+55 322 314 4804,2004-04-26,M,6194,0.46,0,8.14
90,Jerrilyn,Imlin,297-02-0538,behance.net,jerrilyn.imlin@behance.net,+63 840 505 6459,1947-08-25,F,28132,0.32,19,5.26
60,Wit,Keble,746-78-7322,topsy.com,wit.keble@topsy.com,+62 568 285 2496,1987-12-24,M,3607,0.8,14,5.19
84,Thain,Bamling,500-53-5844,buzzfeed.com,thain.bamling@buzzfeed.com,+62 644 719 8071,1985-06-20,M,15841,0.46,9,9.89
188,Willie,Blench,447-90-1005,blinklist.com,willie.blench@blinklist.com,+504 956 654 7573,1962-09-06,M,5110,0.22,9,9.74
68,Hy,Mariotte,286-02-9981,slate.com,hy.mariotte@slate.com,+63 296 564 6187,1962-05-10,M,17558,0.99,43,8.1
263,Aldis,Breffit,265-55-3459,skype.com,aldis.breffit@skype.com,+33 630 684 7803,1961-02-19,M,48206,0.66,29,9.45
215,Dar,Jeratt,174-28-8307,stumbleupon.com,dar.jeratt@stumbleupon.com,+86 329 410 5245,1969-03-11,M,20638,0.13,5,7.53
141,Leonore,Crick,391-27-5303,home.pl,leonore.crick@home.pl,+33 191 924 3634,1975-08-03,F,5222,0.82,25,9.76
186,Bron,Tonn,259-16-1005,de.vu,bron.tonn@de.vu,+86 478 164 5748,1963-05-10,M,24448,0.02,1,8.97
162,Nikita,Sleigh,750-15-6596,blog.com,nikita.sleigh@blog.com,+82 932 908 8039,1976-08-31,M,23685,0.02,1,5.06
5,Gallagher,Clamp,101-01-9168,goo.gl,gallagher.clamp@goo.gl,+51 503 107 3160,2003-12-26,M,16896,0.95,2,5.19
126,Clive,Ruger,576-57-8829,wikimedia.org,clive.ruger@wikimedia.org,+970 110 811 5097,1993-08-20,M,16960,0.74,9,6.98
131,Caty,Schorah,288-03-3454,dion.ne.jp,caty.schorah@dion.ne.jp,+7 731 981 5343,1967-07-02,F,26635,0.14,5,5.22
55,Earvin,Startin,368-18-5032,elpais.com,earvin.startin@elpais.com,+54 918 845 1879,1979-02-24,M,43551,0.33,9,8.72
3,Warren,Wyke,639-19-6678,google.co.uk,warren.wyke@google.co.uk,+374 486 858 7739,1949-10-27,M,40771,0.28,16,6.54
82,Janela,Stonary,176-92-0020,mediafire.com,janela.stonary@mediafire.com,+62 916 378 0535,1978-03-04,F,5927,0.1,3,5.66
109,Rubia,Eglaise,568-67-2973,timesonline.co.uk,rubia.eglaise@timesonline.co.uk,+66 359 786 1092,1984-02-23,F,45124,0.73,15,9.02
110,Micheal,Landes,107-57-9562,ed.gov,micheal.landes@ed.gov,+94 621 573 7962,1981-07-31,M,7217,0.83,20,7.0
29,Blanche,Pancoust,544-92-2003,tripadvisor.com,blanche.pancoust@tripadvisor.com,+86 654 992 8979,1969-03-17,F,16661,0.17,6,5.29
159,Jeffrey,Loynes,325-35-1664,google.ru,jeffrey.loynes@google.ru,+55 775 443 7982,1964-01-07,M,47244,0.25,10,6.36
71,Irvin,Leslie,779-44-0248,taobao.com,irvin.leslie@taobao.com,+86 221 659 7885,1982-09-06,M,2324,0.88,20,8.33
47,Jone,Basley,461-08-8441,bloomberg.com,jone.basley@bloomberg.com,+48 469 983 8149,1968-02-10,M,44962,0.33,12,6.59
66,Jacklin,Donwell,749-86-9683,creativecommons.org,jacklin.donwell@creativecommons.org,+229 395 412 6803,1989-09-26,F,25613,0.37,6,6.09
98,Laura,Rasper,398-25-9000,posterous.com,laura.rasper@posterous.com,+86 223 287 0827,2002-08-10,F,25283,0.73,2,9.52
228,Tome,Oubridge,627-49-3777,nsw.gov.au,tome.oubridge@nsw.gov.au,+966 161 998 2203,1947-06-12,M,31655,0.76,44,9.8
89,Leonard,Schrinel,855-94-3953,bbc.co.uk,leonard.schrinel@bbc.co.uk,+62 436 486 1668,1955-08-03,M,37391,0.77,39,8.38
10,Vladamir,Cail,345-50-9482,marketwatch.com,vladamir.cail@marketwatch.com,+62 731 299 3392,2002-01-03,M,11698,0.4,1,8.97
250,Consuelo,Lukehurst,774-77-0275,accuweather.com,consuelo.lukehurst@accuweather.com,+1 880 775 9087,2004-11-14,F,40185,0.16,0,6.03
227,Stafani,O' Cuolahan,423-10-9859,businesswire.com,stafani.o' cuolahan@businesswire.com,+250 565 811 4320,2002-06-02,F,33788,0.85,3,7.24
9,Mylo,Beadman,341-46-7135,nasa.gov,mylo.beadman@nasa.gov,+55 111 490 0441,1984-03-07,M,34547,0.59,12,5.18
48,Kimbra,Caulfield,556-09-8980,nbcnews.com,kimbra.caulfield@nbcnews.com,+62 941 171 3730,1958-12-10,F,33596,0.08,4,5.09
123,Pate,Borless,640-59-9445,google.it,pate.borless@google.it,+359 465 849 7539,1978-07-12,M,25268,0.06,2,6.39
64,Corrie,Naden,655-31-9230,kickstarter.com,corrie.naden@kickstarter.com,+242 480 977 7533,1964-02-10,M,6853,0.8,33,5.87
240,Pyotr,Marrow,700-94-1067,friendfeed.com,pyotr.marrow@friendfeed.com,+359 220 765 2064,1985-09-12,M,6276,0.54,11,8.49
28,Karena,Stambridge,739-36-3276,answers.com,karena.stambridge@answers.com,+386 233 367 5558,1984-01-03,F,16862,0.44,9,9.53
231,Garvin,Durak,709-26-7723,msn.com,garvin.durak@msn.com,+98 469 893 8325,1986-01-03,M,31980,0.1,2,8.11
17,Barty,Abrami,705-67-8562,answers.com,barty.abrami@answers.com,+970 273 404 7274,1976-08-12,M,9848,0.83,24,9.85
49,Morse,Thain,864-88-9169,bandcamp.com,morse.thain@bandcamp.com,+7 543 888 4643,1991-06-06,M,31281,0.09,1,8.74
62,Verne,Arrighi,559-60-6017,mac.com,verne.arrighi@mac.com,+1 343 871 9147,1984-04-28,M,39858,0.81,17,6.2
62,Lay,MacCaughan,431-60-1998,seattletimes.com,lay.maccaughan@seattletimes.com,+234 893 968 4490,1976-06-28,M,7755,0.55,16,6.84
247,Merwyn,Bonanno,276-85-1164,soundcloud.com,merwyn.bonanno@soundcloud.com,+55 484 519 4930,2001-06-13,M,26873,0.19,1,7.58
139,Leonhard,Seville,238-99-2910,mit.edu,leonhard.seville@mit.edu,+63 663 240 8351,1982-01-16,M,33332,0.07,2,5.71
139,Kaiser,O' Lone,453-96-9825,disqus.com,kaiser.o' lone@disqus.com,+223 298 897 4868,1970-05-28,M,19022,0.62,22,6.72
145,Gabie,Gorger,394-03-7491,reference.com,gabie.gorger@reference.com,+54 465 846 8980,2003-12-09,M,11012,0.06,0,6.79
169,Lion,Duckworth,284-23-0521,bigcartel.com,lion.duckworth@bigcartel.com,+356 210 166 9965,1997-11-01,M,32630,0.58,5,5.98
16,Adelaida,McSparran,283-82-5897,jimdo.com,adelaida.mcsparran@jimdo.com,+1 202 493 8283,1957-01-08,F,36511,0.59,28,9.99
193,Bernice,Joice,348-28-4875,fc2.com,bernice.joice@fc2.com,+380 470 440 8815,1969-06-04,F,1281,0.64,23,9.65
63,Scot,Gentner,341-35-5320,indiatimes.com,scot.gentner@indiatimes.com,+81 668 364 7629,1985-01-29,M,33222,0.64,13,8.82
159,Peadar,Andrini,863-97-6312,dropbox.com,peadar.andrini@dropbox.com,+62 487 829 6823,1963-05-06,M,44965,0.11,5,5.16
91,Gennie,Jobey,669-05-6576,earthlink.net,gennie.jobey@earthlink.net,+993 306 986 5700,1994-10-12,F,21572,0.57,6,5.55
254,Chadd,Sifleet,364-67-2700,wisc.edu,chadd.sifleet@wisc.edu,+62 842 445 9857,1974-10-01,M,19507,0.78,24,5.61
81,Gabbey,Gallager,849-85-4473,psu.edu,gabbey.gallager@psu.edu,+386 436 790 9194,1956-12-11,F,14517,0.48,24,6.74
10,Zora,Jowle,895-47-8865,dyndns.org,zora.jowle@dyndns.org,+7 629 976 5159,1953-11-28,F,42486,0.01,1,9.9
211,Evangeline,Courtman,797-66-6173,eventbrite.com,evangeline.courtman@eventbrite.com,+1 295 746 9371,1980-09-21,F,16877,0.17,4,7.67
165,Rickard,Bendall,147-68-0066,indiatimes.com,rickard.bendall@indiatimes.com,+502 375 339 3846,1996-09-15,M,4712,0.58,5,6.27
9,Dru,Meachan,158-63-6254,adobe.com,dru.meachan@adobe.com,+62 426 451 7942,1959-03-10,F,30698,0.05,2,5.42
175,Marsh,Plewright,585-21-0929,amazon.co.uk,marsh.plewright@amazon.co.uk,+590 801 736 6601,1947-08-29,M,29441,0.0,0,6.23
74,Orel,Chrystal,129-86-1542,hhs.gov,orel.chrystal@hhs.gov,+7 206 502 6145,1956-07-28,F,11483,0.09,4,5.32
174,Cullen,Kydd,857-04-5777,reference.com,cullen.kydd@reference.com,+51 630 392 8200,1947-11-04,M,21292,0.43,25,9.75
92,Stanislas,Plumtree,822-86-0861,gizmodo.com,stanislas.plumtree@gizmodo.com,+62 762 757 8154,1976-12-09,M,47384,0.72,21,6.66
50,Haroun,Loddy,473-12-1552,addthis.com,haroun.loddy@addthis.com,+81 856 127 3192,1979-05-03,M,21731,0.72,19,5.8
85,Laney,Gerardin,858-69-4274,networksolutions.com,laney.gerardin@networksolutions.com,+7 823 451 7655,1947-02-02,F,32652,0.05,3,9.79
245,Boonie,Haldene,214-31-4151,sitemeter.com,boonie.haldene@sitemeter.com,+86 463 500 4117,1970-08-11,M,25629,0.54,19,6.75
36,Beau,Wimmers,643-29-0622,istockphoto.com,beau.wimmers@istockphoto.com,+86 132 523 8442,1948-12-29,M,41161,0.9,51,8.59
232,Ephrayim,Randerson,613-83-6343,umn.edu,ephrayim.randerson@umn.edu,+86 829 283 6437,1978-12-30,M,40981,0.3,8,9.51
252,Abey,Ivashov,533-73-9067,zdnet.com,abey.ivashov@zdnet.com,+7 993 521 6849,1948-04-10,M,25400,0.19,11,7.41
71,Loni,Sandlin,895-22-3596,flickr.com,loni.sandlin@flickr.com,+595 893 868 4854,1993-11-16,F,38837,0.8,10,5.95
201,Kerr,Cranmer,633-78-9861,google.cn,kerr.cranmer@google.cn,+86 160 113 2142,1961-03-07,M,47360,0.93,41,8.77
244,Bettina,Lawes,198-12-1261,issuu.com,bettina.lawes@issuu.com,+1 879 212 2381,1990-05-04,F,40803,0.14,2,8.48
193,Clary,Rydeard,276-28-5511,theglobeandmail.com,clary.rydeard@theglobeandmail.com,+86 940 958 6966,1977-05-25,F,43906,0.91,25,6.74
75,Erinn,Lyston,726-88-9723,google.com.hk,erinn.lyston@google.com.hk,+420 722 607 6108,1953-02-27,F,27764,0.7,36,9.46
74,Matthias,O'Lenechan,108-70-4497,photobucket.com,matthias.o'lenechan@photobucket.com,+62 860 241 4667,1984-02-04,M,45179,0.62,13,9.47
154,Skipton,Falco,214-13-2889,sogou.com,skipton.falco@sogou.com,+370 465 252 7973,1980-05-14,M,40674,0.04,1,7.83
11,Christopher,Patrickson,713-94-9039,goodreads.com,christopher.patrickson@goodreads.com,+48 517 103 3230,1974-02-18,M,21776,0.81,25,9.66
80,Carleen,Birtchnell,551-57-4213,wunderground.com,carleen.birtchnell@wunderground.com,+420 893 174 9947,2004-04-15,F,46301,0.14,0,7.04
267,Bartolomeo,Fearnley,219-40-2290,rediff.com,bartolomeo.fearnley@rediff.com,+58 818 501 0927,2003-07-28,M,16521,0.14,0,8.81
18,Gradey,Vasilyev,390-49-6252,dmoz.org,gradey.vasilyev@dmoz.org,+86 380 843 2211,1950-08-03,M,16266,0.92,51,6.36
120,Winny,Fuller,195-34-3230,ucla.edu,winny.fuller@ucla.edu,+86 927 229 3956,1986-01-19,F,28902,0.42,8,8.37
264,Rollo,Spackman,385-97-5921,dagondesign.com,rollo.spackman@dagondesign.com,+7 831 477 0393,1977-06-23,M,39797,0.18,5,5.28
112,Trescha,Maron,395-16-6034,icq.com,trescha.maron@icq.com,+86 357 391 1023,1947-05-08,F,33335,0.41,24,9.11
100,Maynard,Pendell,532-55-6643,cbc.ca,maynard.pendell@cbc.ca,+86 537 638 0066,1954-01-28,M,35560,0.74,38,8.01
180,Kimbra,Wrey,190-22-7110,zimbio.com,kimbra.wrey@zimbio.com,+359 194 401 7466,1995-05-21,F,25132,0.42,4,6.32
191,Merry,Tupie,502-59-1449,imageshack.us,merry.tupie@imageshack.us,+86 146 411 9196,1999-11-25,M,9218,0.49,3,5.74
106,Aldis,Lorait,497-05-5537,hhs.gov,aldis.lorait@hhs.gov,+57 524 867 8691,1976-03-09,M,34906,0.06,2,9.92
190,Ulric,Yukhtin,750-92-7228,nyu.edu,ulric.yukhtin@nyu.edu,+53 498 142 7398,1966-04-18,M,44113,0.16,6,7.02
177,Fraze,Bodemeaid,832-23-1907,indiegogo.com,fraze.bodemeaid@indiegogo.com,+62 552 105 7707,1962-02-23,M,37257,0.02,1,7.66
251,Ignazio,Battill,467-15-1635,about.me,ignazio.battill@about.me,+86 379 537 1059,1992-02-13,M,39619,0.23,3,8.34
107,Scotty,Beloe,149-06-2430,wikispaces.com,scotty.beloe@wikispaces.com,+7 630 308 7166,1984-12-18,M,19155,0.71,15,5.3
190,Fanechka,Cubin,883-37-5835,sakura.ne.jp,fanechka.cubin@sakura.ne.jp,+86 865 964 6198,1995-09-23,F,45043,0.02,0,7.89
151,Worden,Boatswain,741-70-3697,cafepress.com,worden.boatswain@cafepress.com,+62 685 160 8902,1966-08-12,M,29147,0.51,20,7.01
164,Shanna,Vinsen,122-44-2482,nature.com,shanna.vinsen@nature.com,+49 709 360 3136,1973-10-07,F,35557,0.43,14,6.95
33,Patrizius,Yourell,751-48-1473,bigcartel.com,patrizius.yourell@bigcartel.com,+86 735 142 2306,1968-01-10,M,5052,0.01,0,8.21
207,Moll,Jewer,499-84-1640,woothemes.com,moll.jewer@woothemes.com,+48 590 899 8139,1984-12-04,F,24842,0.26,5,5.86
140,Dixie,Peschka,789-86-6346,weather.com,dixie.peschka@weather.com,+86 762 619 0557,1953-06-30,F,49855,0.84,44,9.02
233,Shawn,Carsberg,597-87-6549,github.io,shawn.carsberg@github.io,+86 819 179 2181,1965-05-03,M,2787,0.51,20,8.05
50,Halie,Gasgarth,527-70-6897,harvard.edu,halie.gasgarth@harvard.edu,+30 800 218 3870,1991-05-21,F,17302,0.92,13,6.98
220,Blane,Tabour,196-82-9560,alexa.com,blane.tabour@alexa.com,+45 405 216 5896,1945-05-24,M,4587,0.23,14,8.88
41,Earlie,Everton,828-53-9415,un.org,earlie.everton@un.org,+86 550 606 1613,2003-04-21,M,13286,0.39,1,5.27
189,Jenny,Tarbert,587-61-6319,scribd.com,jenny.tarbert@scribd.com,+33 923 495 1299,1988-12-05,F,27151,0.42,7,5.08
213,Linnell,Piburn,238-72-9276,cbslocal.com,linnell.piburn@cbslocal.com,+84 533 282 3843,1945-06-11,F,43431,0.73,44,5.97
188,Esteban,Getsham,371-54-5271,sciencedirect.com,esteban.getsham@sciencedirect.com,+238 688 998 7539,1968-06-19,M,40542,0.77,28,5.21
10,Alonso,Shoebotham,212-18-5956,liveinternet.ru,alonso.shoebotham@liveinternet.ru,+81 555 361 3982,1971-12-07,M,3685,0.44,15,7.74
87,Caressa,Gentsch,643-97-3652,businessinsider.com,caressa.gentsch@businessinsider.com,+62 954 264 1644,1949-11-18,F,31886,0.68,38,5.96
185,Janek,Wenden,220-20-7552,blinklist.com,janek.wenden@blinklist.com,+48 600 812 8658,1966-06-12,M,16634,0.44,17,6.31
42,Didi,Seville,414-01-8321,marketwatch.com,didi.seville@marketwatch.com,+380 318 303 7285,1997-04-19,F,9761,0.32,3,6.3
185,Cora,Caunter,842-46-5588,studiopress.com,cora.caunter@studiopress.com,+386 159 691 0867,1993-10-13,F,11887,0.06,1,8.2
71,Booth,Andrzej,349-58-8397,wordpress.com,booth.andrzej@wordpress.com,+48 341 824 2190,1984-05-24,M,31652,0.96,20,7.97
75,Minerva,Renvoys,131-86-5742,webmd.com,minerva.renvoys@webmd.com,+269 535 872 2167,1990-03-14,F,43318,0.93,14,9.34
181,Carley,Lugton,516-92-4065,cnn.com,carley.lugton@cnn.com,+51 852 246 6667,1971-06-09,F,2316,0.19,6,7.94
225,Lazar,Weigh,161-53-0757,cnn.com,lazar.weigh@cnn.com,+380 588 832 4575,1950-09-06,M,38815,0.9,50,5.45
207,Glenden,Child,128-78-2701,1und1.de,glenden.child@1und1.de,+57 445 925 4255,1951-08-12,M,18737,0.53,29,6.21
30,Ulric,Cremen,171-16-0262,sfgate.com,ulric.cremen@sfgate.com,+506 972 731 8290,1961-11-19,M,34583,0.87,38,9.92
209,Aurea,O' Lone,520-04-5414,google.com.hk,aurea.o' lone@google.com.hk,+54 666 287 6861,1981-01-13,F,16665,0.4,10,9.96
259,Theodosia,Woodwind,605-68-6889,github.com,theodosia.woodwind@github.com,+54 977 934 8333,1994-06-23,F,17523,0.16,2,7.55
257,Sutherlan,Hexter,375-53-7349,list-manage.com,sutherlan.hexter@list-manage.com,+86 571 501 9773,1964-10-31,M,27961,0.92,38,6.74
208,Madge,Lainge,108-91-8888,reference.com,madge.lainge@reference.com,+62 880 802 8569,1996-03-09,F,26639,0.35,3,7.28
38,Linn,Mazonowicz,215-26-1855,google.ca,linn.mazonowicz@google.ca,+86 210 778 6867,2000-06-03,M,4165,0.45,2,9.22
10,Duke,Dandie,310-26-8751,mozilla.com,duke.dandie@mozilla.com,+356 610 663 8691,1953-05-13,M,17479,0.24,12,8.29
96,Adam,Titterell,396-64-8740,europa.eu,adam.titterell@europa.eu,+976 513 556 3860,1998-04-05,M,14317,0.47,3,9.78
208,Fawn,Antoszewski,285-80-9565,reddit.com,fawn.antoszewski@reddit.com,+386 954 451 2881,1998-07-23,F,23245,0.74,5,8.72
89,Bessy,Schorah,257-93-9103,cargocollective.com,bessy.schorah@cargocollective.com,+33 746 905 7680,1989-12-12,F,7627,0.5,8,8.11
127,Kameko,Ventum,644-24-1660,foxnews.com,kameko.ventum@foxnews.com,+86 240 938 3698,1960-05-30,F,42885,0.79,36,6.01
32,Norrie,Pafford,367-74-7196,who.int,norrie.pafford@who.int,+51 286 130 0126,1986-08-12,F,30931,0.84,16,7.51
12,Rollo,Issacov,813-58-0259,example.com,rollo.issacov@example.com,+267 763 727 1448,1963-08-23,M,40355,0.63,26,5.14
111,Scotti,Arendsen,726-90-6199,unblog.fr,scotti.arendsen@unblog.fr,+380 710 360 7585,1999-06-01,M,32556,0.43,3,7.96
37,Alejoa,Eberlein,257-03-6513,xinhuanet.com,alejoa.eberlein@xinhuanet.com,+880 242 694 4813,2000-11-04,M,2884,0.63,3,5.13
109,Chancey,Hamblett,120-57-1814,zdnet.com,chancey.hamblett@zdnet.com,+86 585 321 2812,1999-10-21,M,12249,0.36,2,6.84
143,Othilie,Dootson,254-18-4973,pen.io,othilie.dootson@pen.io,+46 750 393 2302,1999-09-13,F,27330,0.37,2,8.36
19,Gaylene,Lambertini,406-74-0208,kickstarter.com,gaylene.lambertini@kickstarter.com,+86 974 183 1284,1945-04-16,F,22358,0.89,53,8.43
143,Jeannine,Blofield,567-20-1797,last.fm,jeannine.blofield@last.fm,+62 234 681 4166,1981-07-27,F,26543,0.65,16,5.09
4,Orly,Frounks,564-29-0307,ftc.gov,orly.frounks@ftc.gov,+86 874 973 7899,1958-01-27,F,23746,1.0,47,6.24
126,Willie,Du Barry,516-54-8274,cam.ac.uk,willie.du barry@cam.ac.uk,+51 376 401 9818,1973-05-07,M,5104,0.45,14,8.02
18,Lila,d' Eye,664-90-6975,amazon.co.jp,lila.d' eye@amazon.co.jp,+7 902 451 6384,1993-03-02,F,28826,0.8,10,7.18
32,Lilia,Kestin,183-57-1139,forbes.com,lilia.kestin@forbes.com,+62 327 163 3631,1959-08-15,F,7115,0.19,9,9.79
268,Loleta,Massenhove,295-96-3689,independent.co.uk,loleta.massenhove@independent.co.uk,+7 221 656 8816,1966-01-22,F,49769,0.8,31,8.63
19,Nerty,Joel,453-44-9612,zimbio.com,nerty.joel@zimbio.com,+86 945 844 6671,1994-03-13,F,3073,0.41,5,9.51
6,Liuka,Hawlgarth,693-72-6087,cam.ac.uk,liuka.hawlgarth@cam.ac.uk,+62 390 526 5508,1994-04-04,F,33279,0.62,7,7.77
215,Terrill,Walkden,416-62-7972,scientificamerican.com,terrill.walkden@scientificamerican.com,+48 426 612 1427,1952-12-12,M,41531,0.24,13,7.67
173,Giraldo,Surphliss,179-74-4735,psu.edu,giraldo.surphliss@psu.edu,+359 693 284 7454,1977-09-18,M,7824,0.3,8,9.89
153,Neall,Glaum,719-48-9545,chron.com,neall.glaum@chron.com,+389 815 700 5497,1960-02-16,M,34483,0.11,5,9.5
155,Angelita,Jessett,473-79-1547,yellowpages.com,angelita.jessett@yellowpages.com,+48 566 250 3956,1951-04-25,F,21976,0.7,38,5.36
186,Reggis,Andrioletti,498-32-7099,fc2.com,reggis.andrioletti@fc2.com,+359 950 449 2530,1967-10-27,M,14993,0.99,38,6.48
168,Conant,Ruperti,637-27-1648,harvard.edu,conant.ruperti@harvard.edu,+44 184 843 4355,1978-02-07,M,1987,0.84,23,7.19
1,Niel,Corris,673-15-9484,mediafire.com,niel.corris@mediafire.com,+62 518 268 5459,2002-02-09,M,31927,0.92,3,7.0
245,Gonzalo,Rissen,309-92-6362,zdnet.com,gonzalo.rissen@zdnet.com,+62 412 150 9306,1954-05-13,M,1827,0.58,30,8.09
34,Rick,Seaward,202-98-1647,sourceforge.net,rick.seaward@sourceforge.net,+251 209 283 0774,1965-03-04,M,33582,0.2,8,8.46
232,Osborne,Bigglestone,249-98-6774,dailymotion.com,osborne.bigglestone@dailymotion.com,+86 774 951 2510,1998-07-24,M,48189,0.67,5,8.37
91,Steward,Dallander,410-09-8937,wix.com,steward.dallander@wix.com,+221 268 856 3835,1998-01-29,M,7773,0.69,5,8.31
233,Enriqueta,Le Gallo,730-42-9867,telegraph.co.uk,enriqueta.le gallo@telegraph.co.uk,+63 927 566 8607,1993-09-12,F,28732,0.66,8,5.28
125,Rowena,Merigon,521-22-6091,washingtonpost.com,rowena.merigon@washingtonpost.com,+86 649 840 9029,1981-03-21,F,45905,0.6,14,7.37
138,Meir,O'Nolan,700-78-3424,indiegogo.com,meir.o'nolan@indiegogo.com,+63 603 308 8783,1955-06-11,M,21397,0.85,43,9.16
110,Leelah,Bulled,352-29-7562,qq.com,leelah.bulled@qq.com,+86 441 208 4596,1988-06-09,F,21877,0.71,12,7.73
124,Fae,Wormell,849-23-5563,furl.net,fae.wormell@furl.net,+7 937 455 4191,1969-09-10,F,37489,0.28,10,7.95
26,Shelbi,Hinrichs,371-32-4213,blogtalkradio.com,shelbi.hinrichs@blogtalkradio.com,+86 412 702 7659,1954-12-08,F,6113,0.59,30,9.93
223,Brucie,Wiersma,686-42-4609,goo.ne.jp,brucie.wiersma@goo.ne.jp,+48 828 336 8652,1949-03-22,M,22048,0.05,3,9.46
110,Roch,Didball,266-86-9832,cbsnews.com,roch.didball@cbsnews.com,+265 595 454 6633,1969-07-16,F,3553,0.68,24,7.52
265,Kelby,Castells,223-56-6835,hugedomains.com,kelby.castells@hugedomains.com,+57 704 330 8267,1957-09-25,M,24009,0.61,29,8.38
262,Ania,Janaud,872-47-3694,icio.us,ania.janaud@icio.us,+48 232 260 6261,1969-05-30,F,23821,0.22,8,5.14
45,Revkah,Paddison,526-39-8797,mtv.com,revkah.paddison@mtv.com,+66 244 804 1581,1966-04-30,F,1769,0.47,18,5.78
154,Ingaberg,Millyard,214-96-6128,kickstarter.com,ingaberg.millyard@kickstarter.com,+351 172 475 6001,1949-08-17,F,40663,0.06,3,9.38
78,Hercule,Baukham,845-52-9345,examiner.com,hercule.baukham@examiner.com,+62 856 744 5852,1978-08-31,M,32512,0.69,19,7.23
122,Lem,Merington,491-74-9794,columbia.edu,lem.merington@columbia.edu,+66 138 688 4768,1979-03-24,M,2522,0.86,22,7.64
107,Hermia,Quipp,112-39-6996,scribd.com,hermia.quipp@scribd.com,+30 482 297 6779,1971-03-06,F,5358,0.97,33,6.22
203,Lyle,Wildish,669-35-9668,123-reg.co.uk,lyle.wildish@123-reg.co.uk,+62 870 949 2356,1994-12-06,M,10078,0.29,3,8.06
222,Joni,Macrae,309-03-5861,who.int,joni.macrae@who.int,+48 795 251 1527,1986-11-20,F,31169,0.38,7,7.82
77,Gwenni,Sibray,763-11-8414,europa.eu,gwenni.sibray@europa.eu,+57 289 397 4618,2004-02-07,F,43718,0.85,1,6.41
104,Brendis,Westrope,198-57-5827,gnu.org,brendis.westrope@gnu.org,+82 989 300 1366,1964-06-02,M,26330,0.44,18,5.85
171,Wendel,Croxon,843-94-3936,instagram.com,wendel.croxon@instagram.com,+48 454 472 4726,1972-08-07,M,30108,0.74,24,7.62
2,Guilbert,Trimby,186-15-8274,instagram.com,guilbert.trimby@instagram.com,+63 531 868 0848,1991-11-28,M,7491,0.23,3,5.05
3,Tannie,Pinckney,333-09-3773,shinystat.com,tannie.pinckney@shinystat.com,+63 611 328 7933,1996-06-10,M,4482,0.18,2,9.65
166,Cate,Radnedge,548-73-7363,ft.com,cate.radnedge@ft.com,+52 561 761 6951,1974-05-09,F,6799,0.73,23,6.71
115,Brittany,Swaisland,721-28-2358,irs.gov,brittany.swaisland@irs.gov,+86 471 444 0059,2002-04-09,F,25258,0.71,2,9.55
160,Hermy,Mecco,125-26-0516,sciencedirect.com,hermy.mecco@sciencedirect.com,+47 378 848 5328,2001-02-26,M,47666,0.51,2,9.26
243,Orren,Pack,122-42-1886,google.co.jp,orren.pack@google.co.jp,+380 919 101 8892,1994-06-03,M,27225,0.42,5,5.66
28,Nickola,Rouff,834-74-1960,arizona.edu,nickola.rouff@arizona.edu,+48 931 865 0882,2003-08-15,M,20198,0.85,2,7.52
225,Gleda,Alexandersson,777-59-4953,hp.com,gleda.alexandersson@hp.com,+57 234 402 0327,1997-01-01,F,46017,0.35,3,9.04
73,Lonni,Kayes,385-18-3753,google.com.hk,lonni.kayes@google.com.hk,+66 770 562 8661,1996-06-01,F,23025,0.05,0,8.1
212,Niall,Wipper,461-50-7164,abc.net.au,niall.wipper@abc.net.au,+86 645 890 1244,1981-05-15,M,19277,0.52,12,6.15
75,Margalo,Dorrance,834-60-7691,ifeng.com,margalo.dorrance@ifeng.com,+51 518 961 3874,1979-03-12,F,33534,0.83,22,5.11
84,Bonnie,Klulicek,297-35-3269,npr.org,bonnie.klulicek@npr.org,+86 799 899 5062,1954-02-20,F,45046,0.15,8,7.47
186,Mersey,Wiggington,611-98-6541,diigo.com,mersey.wiggington@diigo.com,+380 911 483 1955,1949-11-27,F,4820,0.7,39,8.5
197,Gene,Girt,606-03-4930,mayoclinic.com,gene.girt@mayoclinic.com,+372 564 346 9512,1984-09-07,M,15393,0.21,4,9.58
23,Janel,Kezor,674-16-4308,topsy.com,janel.kezor@topsy.com,+33 111 936 9117,1962-07-20,F,27967,0.07,3,9.89
105,Kathryne,Gossan,868-69-8262,nationalgeographic.com,kathryne.gossan@nationalgeographic.com,+86 483 777 7214,1958-12-23,F,37370,0.8,38,6.27
164,Marja,Beament,705-78-7669,scribd.com,marja.beament@scribd.com,+55 327 999 0644,1945-10-19,F,24576,0.98,59,6.92
79,Katrinka,Woolpert,853-98-8853,domainmarket.com,katrinka.woolpert@domainmarket.com,+62 548 334 0538,1961-06-24,F,17764,0.81,36,9.36
119,Orlando,Francie,199-64-8166,guardian.co.uk,orlando.francie@guardian.co.uk,+93 620 862 1779,1992-03-19,M,28312,0.75,10,7.73
259,Feliza,McCue,446-85-0702,google.de,feliza.mccue@google.de,+86 677 448 8050,1952-01-20,F,6761,0.95,50,9.21
123,Yvette,Itchingham,411-76-9165,china.com.cn,yvette.itchingham@china.com.cn,+51 708 962 5873,1964-12-10,F,15713,1.0,41,9.78
208,Rebecca,Kennermann,825-52-6838,rambler.ru,rebecca.kennermann@rambler.ru,+86 986 271 3998,1946-11-05,F,30372,0.85,50,8.32
24,Inna,Writtle,736-13-4133,opensource.org,inna.writtle@opensource.org,+52 770 995 4763,1993-02-24,F,21768,0.85,10,6.76
262,Gannon,Smerdon,700-91-7616,hatena.ne.jp,gannon.smerdon@hatena.ne.jp,+1 862 946 1736,1998-04-01,M,43072,0.54,4,9.17
113,Deeyn,Ruddick,416-69-7640,ning.com,deeyn.ruddick@ning.com,+30 836 732 7545,1972-07-09,F,6400,0.93,31,5.16
222,Pegeen,Canete,850-14-8419,japanpost.jp,pegeen.canete@japanpost.jp,+62 284 864 1662,1969-03-10,F,17030,0.69,25,5.07
72,Louise,Shackell,540-21-1003,umich.edu,louise.shackell@umich.edu,+7 390 952 0996,1946-04-22,F,37335,0.45,27,7.66
209,Jacenta,Jenking,887-17-8103,infoseek.co.jp,jacenta.jenking@infoseek.co.jp,+63 910 848 1838,1996-02-03,F,18662,0.06,1,6.84
9,Griswold,Storie,783-12-8817,va.gov,griswold.storie@va.gov,+353 382 466 1768,1985-04-23,M,49645,0.24,5,6.27
57,Vito,Rupp,586-37-5578,tinypic.com,vito.rupp@tinypic.com,+62 295 228 4425,1949-04-17,M,31005,0.62,35,6.29
11,Iosep,Marcussen,836-68-8253,ucoz.ru,iosep.marcussen@ucoz.ru,+62 376 944 9737,1989-07-15,M,14882,0.3,5,8.22
125,Pietro,Raylton,207-90-6298,ox.ac.uk,pietro.raylton@ox.ac.uk,+86 663 381 3303,2000-11-29,M,4727,0.66,3,7.11
114,Katti,Godlip,304-87-1206,wufoo.com,katti.godlip@wufoo.com,+52 235 407 0729,1971-05-22,F,17273,0.53,18,7.31
213,Maurise,Laurenty,502-76-3635,soundcloud.com,maurise.laurenty@soundcloud.com,+86 548 466 7764,1973-08-16,F,35462,0.36,12,6.27
211,Marven,Porcher,549-52-5175,seesaa.net,marven.porcher@seesaa.net,+62 790 830 5320,1951-12-09,M,29319,0.33,18,5.8
40,Quill,Bidwell,574-80-8469,istockphoto.com,quill.bidwell@istockphoto.com,+86 151 266 7147,1969-09-04,M,15172,0.82,30,5.96
250,Cynde,MacFarlan,124-01-2826,buzzfeed.com,cynde.macfarlan@buzzfeed.com,+46 207 921 9488,1945-09-25,F,40080,0.0,0,6.87
28,Paquito,Ferens,540-71-3415,yahoo.com,paquito.ferens@yahoo.com,+1 196 624 7394,1987-10-27,M,21541,0.41,7,5.6
101,Evonne,Crampsy,862-77-9051,flickr.com,evonne.crampsy@flickr.com,+33 955 573 1000,1978-01-28,F,38063,0.02,1,6.01
115,Burgess,Moulin,228-19-2544,phoca.cz,burgess.moulin@phoca.cz,+386 418 903 1454,1966-07-16,M,31437,0.54,21,7.71
219,Britni,Coaker,186-77-9294,epa.gov,britni.coaker@epa.gov,+380 134 528 7927,1972-06-01,F,18854,0.59,19,8.09
67,Munroe,Warren,318-95-0727,sbwire.com,munroe.warren@sbwire.com,+386 793 436 2713,2004-04-24,M,25733,0.78,1,5.76
204,Colette,Cluney,595-32-4429,tamu.edu,colette.cluney@tamu.edu,+7 253 870 2320,1945-01-22,F,36224,0.73,44,7.51
120,Desdemona,Siddaley,700-22-5388,pbs.org,desdemona.siddaley@pbs.org,+86 365 188 3564,1951-03-28,F,35887,0.3,16,5.93
108,Hilly,Kornalik,376-29-6651,issuu.com,hilly.kornalik@issuu.com,+381 184 243 0341,1986-11-09,M,26823,0.05,1,5.11
93,Nat,Augie,229-91-4602,networkadvertising.org,nat.augie@networkadvertising.org,+7 472 857 5677,1985-03-27,M,1512,0.86,17,5.09
135,Auroora,Elsbury,229-79-1850,drupal.org,auroora.elsbury@drupal.org,+86 871 738 0407,1956-11-20,F,22265,0.06,3,8.18
81,Clement,Kyles,181-75-1639,dmoz.org,clement.kyles@dmoz.org,+62 643 754 3998,1948-05-01,M,14355,0.85,48,6.76
181,Morie,Plain,661-06-9388,dmoz.org,morie.plain@dmoz.org,+63 162 284 2954,1996-11-02,M,30460,0.26,2,9.17
150,Samantha,Stable,423-97-8504,fotki.com,samantha.stable@fotki.com,+420 182 349 3473,1973-06-29,F,8493,0.95,30,7.85
117,Thurston,Goude,579-42-0405,accuweather.com,thurston.goude@accuweather.com,+62 336 404 7619,1993-07-15,M,28595,0.71,9,5.03
17,Regan,Pearsey,558-10-0084,wikimedia.org,regan.pearsey@wikimedia.org,+46 183 774 4920,2003-09-11,M,48068,0.95,2,5.99
16,Rosita,Jochanany,393-57-9479,go.com,rosita.jochanany@go.com,+63 522 945 1872,1961-08-08,F,42445,0.28,12,7.04
21,Biddie,Gregoire,597-08-9073,youku.com,biddie.gregoire@youku.com,+216 442 322 7295,1986-05-17,F,47798,0.15,3,9.39
100,Desmond,Hancock,646-53-7973,fastcompany.com,desmond.hancock@fastcompany.com,+966 140 168 3877,1991-07-04,M,48354,0.67,9,6.3
29,Terrence,Abramzon,220-02-1827,mlb.com,terrence.abramzon@mlb.com,+63 246 325 1735,1991-03-06,M,43077,0.67,9,5.71
233,Rogers,Knowlys,790-91-6490,buzzfeed.com,rogers.knowlys@buzzfeed.com,+55 734 444 3059,1978-05-01,M,32000,0.26,7,6.91
